<ehcache>

    <!-- Sets the path to the directory where cache .data files are created.

         If the path is a Java System Property it is replaced by
         its value in the running VM.

         The following properties are translated:
         user.home - User's home directory
         user.dir - User's current working directory
         java.io.tmpdir - Default temp file path -->
    <diskStore path="java.io.tmpdir"/>


    <!--Default Cache configuration. These will applied to caches programmatically created through
        the CacheManager.

        The following attributes are required for defaultCache:

        maxInMemory       - Sets the maximum number of objects that will be created in memory
        eternal           - Sets whether elements are eternal. If eternal,  timeouts are ignored and the element
                            is never expired.
        timeToIdleSeconds - Sets the time to idle for an element before it expires.
                            i.e. The maximum amount of time between accesses before an element expires
                            Is only used if the element is not eternal.
                            Optional attribute. A value of 0 means that an Element can idle for infinity
        timeToLiveSeconds - Sets the time to live for an element before it expires.
                            i.e. The maximum time between creation time and when an element expires.
                            Is only used if the element is not eternal.
                            Optional attribute. A value of 0 means that and Element can live for infinity
        overflowToDisk    - Sets whether elements can overflow to disk when the in-memory cache
                            has reached the maxInMemory limit.

        -->
    <defaultCache
        maxElementsInMemory="10"
        eternal="false"
        timeToIdleSeconds="120"
        timeToLiveSeconds="120"
        overflowToDisk="true"
        />
        
    <cache name="org.lnicholls.galleon.database.Audio"
        maxElementsInMemory="100"
        eternal="false"
        timeToIdleSeconds="300"
        timeToLiveSeconds="600"
        overflowToDisk="true"
        /> 
        
    <cache name="org.lnicholls.galleon.database.Image"
        maxElementsInMemory="20"
        eternal="false"
        timeToIdleSeconds="300"
        timeToLiveSeconds="600"
        overflowToDisk="true"
        />         
        
    <cache name="org.lnicholls.galleon.database.Video"
        maxElementsInMemory="10"
        eternal="false"
        timeToIdleSeconds="300"
        timeToLiveSeconds="600"
        overflowToDisk="true"
        />                 
        
    <cache name="org.lnicholls.galleon.database.Podcast"
        maxElementsInMemory="10"
        eternal="false"
        timeToIdleSeconds="300"
        timeToLiveSeconds="600"
        overflowToDisk="true"
        />                         
        
    <cache name="org.lnicholls.galleon.database.Playlist"
        maxElementsInMemory="1"
        eternal="false"
        timeToIdleSeconds="300"
        timeToLiveSeconds="600"
        overflowToDisk="true"
        />                                 
        
    <cache name="org.lnicholls.galleon.database.ImageAlbums"
        maxElementsInMemory="1"
        eternal="false"
        timeToIdleSeconds="300"
        timeToLiveSeconds="600"
        overflowToDisk="true"
        />                                 
        
    <cache name="org.lnicholls.galleon.database.Movie"
        maxElementsInMemory="10"
        eternal="false"
        timeToIdleSeconds="300"
        timeToLiveSeconds="600"
        overflowToDisk="true"
        />                                         

    <cache name="org.lnicholls.galleon.database.Theater"
        maxElementsInMemory="10"
        eternal="false"
        timeToIdleSeconds="300"
        timeToLiveSeconds="600"
        overflowToDisk="true"
        />                                 
        
    <cache name="org.lnicholls.galleon.database.Videocast"
        maxElementsInMemory="10"
        eternal="false"
        timeToIdleSeconds="300"
        timeToLiveSeconds="600"
        overflowToDisk="true"
        />                                         

    <cache name="org.lnicholls.galleon.database.ShoutcastStation"
        maxElementsInMemory="10"
        eternal="false"
        timeToIdleSeconds="300"
        timeToLiveSeconds="600"
        overflowToDisk="true"
        />                                         

    <cache name="org.lnicholls.galleon.database.Application"
        maxElementsInMemory="10"
        eternal="false"
        timeToIdleSeconds="300"
        timeToLiveSeconds="600"
        overflowToDisk="true"
        />

    <cache name="org.hibernate.cache.UpdateTimestampsCache"
        maxElementsInMemory="10"
        eternal="false"
        timeToIdleSeconds="300"
        timeToLiveSeconds="600"
        overflowToDisk="true"
        />

    <cache name="org.hibernate.cache.StandardQueryCache"
        maxElementsInMemory="10"
        eternal="false"
        timeToIdleSeconds="300"
        timeToLiveSeconds="600"
        overflowToDisk="true"
        />
                                         
</ehcache>
